{
    "札幌": [
        141.3544506,
        43.0617713
    ],
    "函館": [
        140.7290599,
        41.7686961
    ],
    "旭川": [
        142.3650083,
        43.7708833
    ],
    "室蘭": [
        140.9737666,
        42.3151792
    ],
    "苫小牧": [
        141.6031222,
        42.6312464
    ],
    "釧路": [
        144.381804,
        42.9849413
    ],
    "知床": [
        144.6707651,
        43.9114765
    ],
    "帯広": [
        143.197199,
        42.9233354
    ],
    "十勝": [
        143.2414013,
        43.1680544
    ],
    "北見": [
        143.8957837,
        43.8039761
    ],
    "青森": [
        140.7473524,
        40.8222197
    ],
    "弘前": [
        140.4640543,
        40.6030626
    ],
    "八戸": [
        141.4882743,
        40.5122055
    ],
    "岩手": [
        141.9462611,
        39.6394645
    ],
    "盛岡": [
        141.1543303,
        39.7019558
    ],
    "平泉": [
        141.1137868,
        38.9866085
    ],
    "宮城": [
        141.3028682,
        38.434332
    ],
    "仙台": [
        140.869418,
        38.268195
    ],
    "秋田": [
        140.1042666,
        39.7192558
    ],
    "山形": [
        140.3350967,
        38.2459634
    ],
    "庄内": [
        139.8366435,
        38.9147809
    ],
    "福島": [
        140.4747856,
        37.7607991
    ],
    "会津": [
        139.9277486,
        37.4899827
    ],
    "郡山": [
        140.3596822,
        37.4004776
    ],
    "白河": [
        140.211014,
        37.1266145
    ],
    "いわき": [
        140.8877435,
        37.0505055
    ],
    "水戸": [
        140.4713723,
        36.3658764
    ],
    "土浦": [
        140.2042457,
        36.0783182
    ],
    "つくば": [
        140.0764454,
        36.0835255
    ],
    "宇都宮": [
        139.8826209,
        36.5550745
    ],
    "日光": [
        139.6982361,
        36.7198987
    ],
    "那須": [
        140.0460727,
        36.9616857
    ],
    "とちぎ": [
        139.4497602,
        36.3401874
    ],
    "群馬": [
        139.3304143,
        36.4053581
    ],
    "高崎": [
        139.0033576,
        36.3220692
    ],
    "前橋": [
        139.0634134,
        36.3894669
    ],
    "大宮": [
        139.6454782,
        35.8616486
    ],
    "川口": [
        139.7241874,
        35.8077356
    ],
    "熊谷": [
        139.3889796,
        36.1471963
    ],
    "春日部": [
        139.752313,
        35.9752624
    ],
    "越谷": [
        139.7914855,
        35.889699
    ],
    "所沢": [
        139.4687112,
        35.799423
    ],
    "川越": [
        139.4858042,
        35.9251335
    ],
    "千葉": [
        140.1065366,
        35.6074041
    ],
    "成田": [
        140.3187418,
        35.7766588
    ],
    "野田": [
        139.8741905,
        35.9551753
    ],
    "柏": [
        139.9757575,
        35.8675958
    ],
    "松戸": [
        139.9033248,
        35.7876663
    ],
    "習志野": [
        140.0271941,
        35.6816407
    ],
    "船橋": [
        139.9827277,
        35.6945485
    ],
    "市川": [
        139.9279808,
        35.7135721
    ],
    "袖ヶ浦": [
        139.9586523,
        35.4302593
    ],
    "市原": [
        140.1148672,
        35.4978821
    ],
    "品川": [
        139.7298661,
        35.6096296
    ],
    "世田谷": [
        139.653582,
        35.6468095
    ],
    "足立": [
        139.8044129,
        35.775017
    ],
    "江東": [
        139.8174521,
        35.6727748
    ],
    "葛飾": [
        139.8472243,
        35.7432853
    ],
    "江戸川": [
        139.8681899,
        35.7067011
    ],
    "練馬": [
        139.6516675,
        35.7356446
    ],
    "杉並": [
        139.6355204,
        35.6994705
    ],
    "板橋": [
        139.7092786,
        35.7512311
    ],
    "多摩": [
        139.4465075,
        35.63711
    ],
    "八王子": [
        139.3160068,
        35.6664381
    ],
    "横浜": [
        139.6379639,
        35.4436739
    ],
    "川崎": [
        139.7029125,
        35.5308325
    ],
    "相模": [
        139.373427,
        35.5712568
    ],
    "湘南": [
        139.3494949,
        35.3352157
    ],
    "新潟": [
        139.069444,
        37.9185345
    ],
    "長岡": [
        138.8513499,
        37.4465187
    ],
    "上越": [
        138.236135,
        37.1478952
    ],
    "富山": [
        137.2137211,
        36.6958223
    ],
    "石川": [
        136.9641261,
        37.0438483
    ],
    "金沢": [
        136.6520376,
        36.5597341
    ],
    "福井": [
        136.219623,
        36.0641386
    ],
    "山梨": [
        138.5683001,
        35.662133
    ],
    "富士山(山)": [
        138.8071879,
        35.4879873
    ],
    "長野": [
        138.1950371,
        36.6485258
    ],
    "松本": [
        137.9719897,
        36.2380434
    ],
    "諏訪": [
        138.1140545,
        36.0391525
    ],
    "南信州": [
        137.8217006,
        35.51487
    ],
    "安曇野": [
        137.9058007,
        36.3039786
    ],
    "岐阜": [
        136.7606217,
        35.4234226
    ],
    "飛騨": [
        137.1848385,
        36.2380854
    ],
    "静岡": [
        138.3826773,
        34.9755668
    ],
    "沼津": [
        138.8635399,
        35.0956068
    ],
    "伊豆": [
        138.94655,
        34.9766167
    ],
    "富士山(静)": [
        138.6216491,
        35.2221277
    ],
    "浜松": [
        137.7274159,
        34.7102752
    ],
    "名古屋": [
        136.9065571,
        35.1814506
    ],
    "三河": [
        137.0023012,
        34.9890881
    ],
    "岡崎": [
        137.1730774,
        34.9548536
    ],
    "豊田": [
        137.1561276,
        35.0825559
    ],
    "尾張小牧": [
        136.9108701,
        35.2903378
    ],
    "一宮": [
        136.8029671,
        35.3039172
    ],
    "春日井": [
        136.9721897,
        35.2476967
    ],
    "豊橋": [
        137.3916837,
        34.7688528
    ],
    "三重": [
        136.5052256,
        34.7186389
    ],
    "鈴鹿": [
        136.5842308,
        34.8816575
    ],
    "四日市": [
        136.6244121,
        34.9651064
    ],
    "伊勢志摩": [
        136.7092639,
        34.4874863
    ],
    "滋賀": [
        135.8552084,
        35.0178371
    ],
    "京都": [
        135.7681489,
        35.011564
    ],
    "大阪": [
        135.6174134,
        34.846193
    ],
    "なにわ": [
        135.5022535,
        34.6937249
    ],
    "和泉": [
        135.4237749,
        34.4832989
    ],
    "堺": [
        135.4831176,
        34.5733261
    ],
    "神戸": [
        135.1956311,
        34.6900806
    ],
    "姫路": [
        134.6855509,
        34.8154176
    ],
    "奈良": [
        135.8048019,
        34.685109
    ],
    "飛鳥": [
        135.7925947,
        34.50945
    ],
    "和歌山": [
        135.1707405,
        34.2303678
    ],
    "鳥取": [
        134.2351011,
        35.5011082
    ],
    "島根": [
        133.0484055,
        35.4681908
    ],
    "出雲": [
        132.7546943,
        35.3670442
    ],
    "岡山": [
        133.9194179,
        34.656228
    ],
    "倉敷": [
        133.7719812,
        34.5849782
    ],
    "広島": [
        132.4553055,
        34.3852894
    ],
    "福山": [
        133.3624239,
        34.4859845
    ],
    "山口": [
        131.4738432,
        34.1782945
    ],
    "下関": [
        130.9411759,
        33.9575297
    ],
    "徳島": [
        134.5549537,
        34.0703652
    ],
    "香川": [
        133.797643,
        34.2893547
    ],
    "高松": [
        134.0465405,
        34.342542
    ],
    "愛媛": [
        132.7639923,
        33.8355117
    ],
    "高知": [
        133.5312383,
        33.5588821
    ],
    "福岡": [
        130.4016888,
        33.5901838
    ],